first_name,last_name,birth_date,phone,home_address,home_postal_code,home_city,hire_date,exit_date,sin
Sylvia,Bolstridge,1986-09-16,279-727-2485,3717 Redwing Parkway,T8L 2J6,Surrey,2018-04-23,2019-06-29,224705842
Marmaduke,Pethybridge,1989-08-27,490-248-0001,0314 Dayton Way,E9C 7X7,Richmond,2019-10-14,,285858804
Goldy,Robeiro,1985-11-21,117-477-3289,3385 Tennessee Circle,B2G 7L3,Maple Ridge,2020-05-17,,110904388
Emelina,Mulholland,1987-10-15,779-269-2569,1 Atwood Circle,E5R 3H6,Surrey,2020-06-26,2019-03-11,605946081
Natka,Sleford,1964-12-15,381-367-9439,30050 Clemons Pass,T8R 6C4,Langley,2017-07-18,,970542883
Marji,Van Der Hoog,1961-07-14,847-526-3154,48814 Northridge Crossing,V9B 3A4,Vancouver,2018-10-02,,995227105
Rica,Klaussen,1963-02-26,397-244-6585,4659 Old Shore Place,L3Z 2N6,West Vancouver,2020-09-21,,393065608
Clarance,Dufour,1991-07-20,287-758-2625,49751 Mcguire Street,B9A 4R2,New Westminster,2016-02-15,2018-10-26,812739379
Loleta,Gosneye,1979-10-11,187-752-5366,5 Rigney Drive,T4E 4R3,Richmond,2017-06-19,,384141526
Jayme,Simcoe,1969-07-05,987-500-3147,9008 Golden Leaf Avenue,G8K 7K3,Richmond,2020-07-29,,450262595
Raychel,Dobbin,1972-06-04,679-752-2422,655 Forster Plaza,B1T 5R2,Surrey,2016-06-13,,373784486
Herold,Juschke,1990-06-20,161-227-8338,63083 Ridge Oak Trail,X0C 7C7,Coquitlam,2019-09-30,2020-04-29,501731473
Giustino,Gabby,1973-09-19,226-243-5724,949 Trailsway Street,N9V 2N6,Langley,2018-09-17,,907069232
Loralie,Auten,1960-12-07,212-512-0576,71013 Huxley Street,E4Z 1Y6,Surrey,2020-03-09,,327253878
Calley,Martijn,1990-12-11,683-159-1303,7 Shopko Court,V1R 2Y0,Richmond,2015-12-14,,937618470
Ignatius,Nowakowska,1986-12-13,601-499-7949,4 Lunder Terrace,T4L 8S8,Abbotsford,2020-01-11,,751036427
Rowen,Richings,1979-07-15,553-920-2930,9971 Sullivan Parkway,L4G 2S9,North Vancouver,2020-04-08,,985057549
Waite,Kiddle,1981-10-30,535-865-8510,97023 Steensland Drive,J9P 7B4,Langley,2016-02-03,,995099501
Aksel,Clerc,1961-07-05,418-811-6001,58133 Mifflin Way,K7A 9B7,Coquitlam,2017-06-23,,230972421
Marietta,Trobridge,1973-02-11,376-949-1037,86 Dunning Place,E5V 2A0,Delta,2021-09-22,,375733066
Chrysler,Andri,1963-04-23,214-207-5873,500 Roxbury Point,E1W 9R6,Coquitlam,2020-05-02,,612403003
Mathe,Bittlestone,1994-03-21,417-918-5846,75 Almo Junction,E4T 0E2,Maple Ridge,2015-12-10,,826455388
Teri,Handmore,1962-11-11,180-931-0542,13 Monterey Circle,C0A 9K4,Vancouver,2019-02-07,,525469089
Aldis,Mandre,1983-07-14,282-614-0700,9 Lawn Alley,E8G 1P6,North Vancouver,2021-05-27,,560462521
Barnebas,Moar,1986-02-01,418-863-7261,9598 American Alley,B2G 7L3,Coquitlam,2021-09-21,,128261552
Lucky,Wadham,1980-07-30,821-854-8853,49 Vahlen Street,A1K 3P4,New Westminster,2017-06-12,,474705870
Fina,Mussen,1964-12-29,547-233-2472,9 Darwin Trail,X0C 6R9,New Westminster,2019-06-20,,176141012
Skipper,Spraggs,1995-06-30,300-577-3959,18 Armistice Drive,E7J 8S7,Maple Ridge,2017-12-08,2019-07-11,155907934
Johny,Beagin,1986-12-29,522-215-2727,23505 Oak Circle,E8N 5R9,Coquitlam,2018-09-25,,269189529
Eberto,Georgiades,1963-07-29,656-278-9764,281 Lotheville Alley,G8K 3P5,Abbotsford,2017-03-03,,331529882
Violet,Grimbaldeston,1962-04-25,699-734-1040,5 Crest Line Park,J6R 8A0,Richmond,2019-04-28,,955491600
Astrid,Joost,1966-01-10,359-990-1117,824 Brown Lane,H9J 9V8,Burnaby,2016-06-12,,533250403
Theo,Sloane,1982-11-06,303-332-1177,47 Charing Cross Lane,J4V 0H3,West Vancouver,2017-10-14,,907881798
Wren,Court,1961-04-24,267-133-0306,1 Brown Terrace,T9V 8N6,West Vancouver,2018-05-15,,713045742
Mildred,Gibling,1996-06-23,316-407-1936,0 Onsgard Place,L7B 5M0,North Vancouver,2019-01-31,,337614314
Jan,Vondrach,1985-04-22,644-329-7215,7556 Doe Crossing Court,E4W 8V5,New Westminster,2016-05-04,,813902643
Fina,Bridgstock,1969-01-11,642-473-9869,51 Bellgrove Park,V9B 3G4,Delta,2019-03-27,,759852197
Sharona,Hedworth,1982-12-10,636-247-4810,1 American Place,J5B 5B4,New Westminster,2018-06-15,,131267967
Radcliffe,Brandes,1976-11-15,203-772-3483,111 Glacier Hill Terrace,L4P 5B0,Abbotsford,2019-06-30,,592713643
Ardyce,Maddox,1993-07-26,883-130-2246,7 Ridge Oak Court,J3T 2V2,West Vancouver,2020-09-25,2018-03-22,206932363
Sophi,Mastrantone,1985-09-03,339-735-6622,590 Emmet Drive,N8P 0T9,Maple Ridge,2016-07-13,2020-12-07,979041510
Manfred,Matuskiewicz,1977-12-30,876-681-0378,511 Nancy Alley,G9H 0Y1,Coquitlam,2019-01-29,,193276199
Drusi,Stening,1963-01-18,678-714-8386,2 Waywood Way,G4A 9P3,Burnaby,2019-03-19,,306180125
Corabella,Heathcote,1974-12-28,431-411-0199,8 Arrowood Court,E5V 3Y5,West Vancouver,2017-08-14,,829517568
Rozanne,Varley,1975-07-12,840-962-7252,7731 Erie Hill,J8H 2T5,West Vancouver,2021-06-03,2018-02-18,362156408
Valentia,Roby,1985-07-10,497-588-9598,82316 Summer Ridge Road,E6A 0E4,Langley,2017-03-30,,452045427
Avrit,d'Arcy,1970-12-20,376-964-2865,09 School Terrace,H7P 6C4,Coquitlam,2020-01-06,,221764353
Brier,Callington,1965-01-21,692-346-2711,4 Lukken Point,B3E 7K3,Coquitlam,2019-08-16,,920941076
Polly,Sayce,1967-10-11,708-343-9206,27 Delladonna Center,E5A 2B3,North Vancouver,2019-09-10,2018-01-23,203865663
Noami,Aslet,1961-07-01,885-766-7010,8259 Atwood Court,C0B 9M3,Abbotsford,2018-10-20,,850864994
Felix,Berresford,1981-07-22,822-907-7630,9 Hauk Park,K7C 1Y4,Vancouver,2021-05-12,,792910591
Solly,Hayden,1979-09-05,383-715-4718,6 Ohio Lane,J0R 8V9,Surrey,2021-08-19,,920465137
Jesse,Raddin,1979-07-29,885-382-4361,38791 Declaration Park,J5X 0A6,Abbotsford,2019-06-14,2017-07-17,517059603
Casar,Paffitt,1999-11-11,682-555-3924,668 Becker Avenue,H8Y 5L7,Maple Ridge,2020-10-31,,543526243
Gianna,Hachard,1975-07-10,979-713-1458,8829 Dawn Avenue,L4G 8P9,Richmond,2016-06-26,,507194585
Olimpia,Gerbl,1992-03-22,964-668-9662,1 Eliot Lane,G0J 9E4,Surrey,2017-03-11,,987260620
Denni,Bangham,1974-12-18,314-852-2754,6983 Lindbergh Pass,J2W 9B3,New Westminster,2018-09-07,,903838981
Glynis,Jochen,1967-12-30,971-555-5147,54353 Debs Street,A1S 6E8,Langley,2021-02-13,2018-03-29,751120637
Zia,McDavid,1980-07-08,687-240-5965,193 Kenwood Hill,V7B 7P2,Vancouver,2018-11-20,,646807432
Elle,Hammatt,1964-02-09,386-626-3834,54 Spenser Terrace,L2A 4X4,Richmond,2019-05-17,,696716938
Hermann,Patzelt,1965-09-19,765-554-3912,6429 Spohn Plaza,R5A 4L2,West Vancouver,2020-09-16,,741501863
Kelley,Harbach,1972-04-30,491-592-6681,41 Waywood Parkway,H0H 9M2,West Vancouver,2021-01-04,,279110480
Somerset,Dollard,1991-07-01,657-440-4103,9 Macpherson Plaza,N2Z 1X9,Langley,2018-09-12,,267920293
Gwenore,Romi,1968-10-31,783-820-6898,49 Havey Trail,R2C 9Y0,Burnaby,2019-04-13,,828650433
Gerald,Truder,1999-10-30,890-225-7869,121 Londonderry Drive,R9A 2L2,Vancouver,2020-08-31,2017-07-01,601072911
Hillery,Calleja,1982-12-28,154-937-5138,92397 Hansons Avenue,G0A 5N0,Maple Ridge,2017-09-03,,961261762
Hollyanne,Overstall,1967-07-04,468-336-1886,965 6th Avenue,G0C 7R9,Delta,2021-01-03,,131603433
Vilhelmina,Iamittii,1970-10-29,866-701-1040,2 Westridge Trail,E4Z 1Y6,North Vancouver,2019-08-29,,778677270
Grange,Bramich,1975-06-16,636-336-0347,2379 Hanover Plaza,V0X 5H2,Delta,2018-03-14,,318060586
Dani,Butler,1995-10-14,932-888-0740,80 Elgar Point,E8T 0T9,Surrey,2017-02-09,2020-01-25,790979667
Shirlee,Tamburo,1974-04-22,584-565-0191,270 Lindbergh Circle,V8C 4N9,Langley,2020-04-08,,729537636
Colver,Landsborough,1962-08-27,362-903-8591,593 Independence Court,E8N 3C5,New Westminster,2017-01-04,,954741120
Lorin,Quinnette,1987-07-13,337-269-9074,53 Arapahoe Plaza,H3C 0X9,Burnaby,2017-12-01,,142952757
Elonore,Jansson,1963-06-12,123-119-7305,419 Claremont Hill,L3M 3N9,Vancouver,2016-12-29,,182362096
Dory,Loads,1961-05-29,436-245-8837,2 Cambridge Street,V9A 2H2,Richmond,2017-04-09,,430219210
Elston,Zavattiero,1984-11-09,947-995-7811,88 Bowman Court,H0H 6P4,Delta,2021-01-18,,673799452
Riva,Gorsse,1963-05-09,827-513-4624,571 Mariners Cove Street,E4R 4P2,Coquitlam,2019-07-11,2019-06-29,897214359
Robina,Pray,1972-06-26,243-242-4692,3278 Golden Leaf Lane,R5H 1Y2,North Vancouver,2017-09-16,,842753901
